,stature,weightkg,waistcircumference,buttockcircumference
0,156.0,65.7,850,1011
1,166.5,53.400000000000006,708,893
2,171.10000000000002,66.3,727,987
3,166.0,78.2,923,1012
4,157.20000000000002,88.60000000000001,1163,1281
5,170.70000000000002,83.7,968,1085
6,164.4,73.2,964,1049
7,167.10000000000002,76.0,914,1095
8,152.1,54.5,755,965
9,159.0,68.4,944,1045
10,170.70000000000002,99.0,935,1248
11,166.8,74.2,942,1014
12,165.4,78.10000000000001,995,1049
13,166.60000000000002,71.8,848,1012
14,159.9,70.9,929,1000
15,167.3,67.2,835,1007
16,164.70000000000002,62.0,772,969
17,167.8,59.5,805,941
18,167.9,74.10000000000001,868,1011
19,161.5,60.5,792,1021
20,151.70000000000002,80.0,1137,1107
21,167.4,74.7,881,1050
22,162.3,49.1,702,867
23,166.8,70.3,954,1038
24,164.4,71.5,796,981
25,157.9,70.8,1000,1069
26,144.6,48.800000000000004,742,917
27,162.0,69.10000000000001,912,997
28,168.4,73.0,913,1042
29,161.9,61.0,821,960
30,159.20000000000002,65.8,930,1056
31,165.5,70.9,901,1035
32,172.3,72.8,935,1034
33,167.70000000000002,84.60000000000001,1077,1154
34,165.4,94.5,1112,1184
35,163.4,62.7,812,991
36,168.3,57.800000000000004,869,933
37,155.20000000000002,52.400000000000006,712,900
38,161.70000000000002,73.2,1057,1052
39,158.8,79.10000000000001,964,1086
40,164.10000000000002,89.4,1134,1175
41,168.5,68.9,869,979
42,165.60000000000002,75.8,942,1021
43,160.3,73.10000000000001,1019,1041
44,160.8,74.8,865,1136
45,166.4,80.60000000000001,975,1046
46,161.9,71.4,814,1030
47,162.0,71.2,947,1053
48,172.0,65.7,794,1009
49,158.20000000000002,47.7,679,880
50,172.0,69.60000000000001,890,1050
51,172.0,119.60000000000001,1334,1306
52,170.10000000000002,88.7,1076,1160
53,162.70000000000002,75.4,1007,1075
54,153.60000000000002,67.8,897,1044
55,154.60000000000002,60.7,832,1006
56,165.4,57.2,766,981
57,160.5,68.9,878,1028
58,163.0,71.2,943,1055
59,161.20000000000002,60.400000000000006,825,979
60,175.70000000000002,69.7,812,985
61,167.0,85.4,1062,1167
62,163.20000000000002,61.7,914,1051
63,163.5,79.0,987,1066
64,168.20000000000002,67.2,868,1007
65,166.10000000000002,69.5,839,1050
66,159.60000000000002,66.9,814,974
67,159.60000000000002,57.400000000000006,804,989
68,166.5,81.5,925,1088
69,161.70000000000002,61.800000000000004,805,993
70,155.5,64.5,811,1042
71,157.8,55.7,757,969
72,158.10000000000002,61.400000000000006,839,967
73,169.8,66.8,821,1051
74,155.4,73.0,1001,1028
75,175.60000000000002,73.7,860,1045
76,156.60000000000002,69.3,922,1016
77,165.10000000000002,75.7,1012,1057
78,158.5,74.0,981,1049
79,165.70000000000002,68.2,870,1030
80,171.9,86.7,931,1200
81,182.20000000000002,88.2,895,1165
82,164.9,78.60000000000001,925,1141
83,168.70000000000002,62.2,751,985
84,169.8,78.2,1019,1115
85,153.0,60.800000000000004,784,1060
86,158.10000000000002,67.4,917,1023
87,160.9,68.60000000000001,865,1032
88,164.4,67.0,847,1015
89,154.8,63.5,785,1011
90,160.60000000000002,77.30000000000001,1004,1084
91,164.20000000000002,55.5,759,945
92,162.20000000000002,72.7,955,1104
93,166.9,59.300000000000004,694,947
94,174.5,99.80000000000001,1068,1205
95,149.5,58.1,948,999
96,149.3,64.2,912,1045
97,164.10000000000002,75.8,989,1027
98,160.70000000000002,68.3,887,1051
99,156.0,47.1,698,871
100,162.5,66.5,822,975
101,167.0,68.5,885,1027
102,161.60000000000002,57.900000000000006,764,947
103,158.20000000000002,64.7,943,966
104,173.0,59.1,809,951
105,150.1,45.0,739,874
106,151.5,57.2,826,960
107,157.60000000000002,72.10000000000001,962,1030
108,162.8,67.60000000000001,849,1029
109,158.60000000000002,71.10000000000001,951,1048
110,173.70000000000002,79.10000000000001,889,1083
111,157.60000000000002,53.6,790,974
112,162.60000000000002,63.900000000000006,811,966
113,160.4,62.800000000000004,831,991
114,167.3,78.80000000000001,958,1069
115,164.20000000000002,59.800000000000004,761,955
116,153.8,75.2,1070,1079
117,157.4,68.60000000000001,923,1005
118,163.70000000000002,66.8,949,1055
119,162.0,61.300000000000004,858,976
120,173.3,74.2,859,1041
121,152.6,52.2,721,876
122,173.20000000000002,76.7,908,1069
123,162.4,66.10000000000001,880,1030
124,150.70000000000002,50.5,759,902
125,156.0,63.7,919,1033
126,164.0,66.60000000000001,908,980
127,167.5,61.0,731,965
128,152.6,58.1,820,975
129,162.3,60.900000000000006,821,932
130,158.4,57.5,740,1054
131,167.10000000000002,79.7,1024,1100
132,155.20000000000002,74.5,932,1090
133,163.3,61.400000000000006,827,981
134,153.0,67.7,896,1061
135,160.60000000000002,50.800000000000004,738,968
136,161.70000000000002,63.300000000000004,832,1033
137,164.5,71.10000000000001,851,1042
138,168.10000000000002,72.7,859,1049
139,165.5,67.9,906,1050
140,162.60000000000002,83.30000000000001,1028,1136
141,163.5,62.2,786,990
142,157.20000000000002,61.6,853,966
143,160.8,57.300000000000004,745,950
144,166.20000000000002,50.7,737,925
145,158.20000000000002,61.1,802,998
146,170.10000000000002,86.60000000000001,1045,1114
147,160.20000000000002,52.300000000000004,763,925
148,154.9,67.60000000000001,955,1090
149,156.10000000000002,54.900000000000006,719,920
150,167.70000000000002,57.1,746,935
151,159.4,64.4,874,1035
152,162.8,64.9,772,1018
153,154.9,59.2,802,972
154,155.9,56.300000000000004,719,974
155,161.9,58.0,862,955
156,169.0,81.0,1044,1088
157,169.8,64.9,817,1001
158,170.5,65.4,817,997
159,162.5,57.0,816,955
160,166.60000000000002,80.5,939,1139
161,155.9,67.10000000000001,863,1035
162,159.5,67.3,915,1064
163,163.4,55.0,764,932
164,164.3,70.8,899,1068
165,166.70000000000002,53.800000000000004,782,933
166,166.10000000000002,77.10000000000001,897,1051
167,156.0,60.2,817,1008
168,161.0,71.9,900,1062
169,161.0,61.7,830,1009
170,168.20000000000002,76.10000000000001,947,1062
171,160.4,73.9,958,1050
172,154.0,56.0,767,981
173,163.8,64.7,777,948
174,165.60000000000002,72.4,896,1081
175,159.70000000000002,70.8,968,992
176,174.9,95.30000000000001,997,1101
177,166.10000000000002,74.8,879,1058
178,152.6,70.0,1000,1030
179,158.3,65.5,931,1078
180,153.3,49.900000000000006,748,916
181,157.5,55.300000000000004,734,940
182,177.60000000000002,92.4,1021,1171
183,171.3,71.60000000000001,874,1016
184,165.3,67.60000000000001,803,992
185,151.6,64.10000000000001,935,1017
186,165.8,66.60000000000001,810,983
187,161.70000000000002,66.3,882,1021
188,168.70000000000002,76.3,920,1084
189,160.3,71.7,1085,1099
190,153.9,64.3,923,1003
191,160.3,59.1,840,973
192,162.0,52.900000000000006,783,920
193,161.70000000000002,69.4,924,1076
194,160.0,69.9,972,1040
195,157.20000000000002,59.2,774,981
196,163.20000000000002,54.0,708,926
197,169.0,70.10000000000001,879,1092
198,168.20000000000002,68.10000000000001,830,1010
199,165.70000000000002,86.4,980,1150
200,167.20000000000002,67.2,883,1010
201,162.10000000000002,55.900000000000006,754,933
202,162.3,56.6,767,956
203,163.3,58.5,868,958
204,152.6,62.800000000000004,938,979
205,157.0,46.7,682,836
206,161.60000000000002,59.900000000000006,762,978
207,169.0,64.2,802,1020
208,163.70000000000002,81.30000000000001,1060,1144
209,171.8,71.9,922,1060
210,158.8,54.800000000000004,783,974
211,152.0,48.5,707,877
212,161.8,65.8,795,1061
213,163.10000000000002,75.3,862,1059
214,164.20000000000002,63.6,929,974
215,171.9,75.2,858,1056
216,171.5,75.5,784,1067
217,165.3,46.900000000000006,632,832
218,159.0,53.7,809,951
219,175.10000000000002,75.8,912,1071
220,158.3,67.9,941,1079
221,162.70000000000002,68.4,854,1055
222,158.60000000000002,67.7,885,1004
223,167.5,61.7,783,957
224,160.60000000000002,71.7,927,1045
225,168.0,64.2,785,991
226,177.3,74.0,858,1031
227,168.0,79.2,958,1015
228,164.5,58.1,707,946
229,155.8,72.7,1004,1037
230,166.5,70.4,905,1055
231,160.10000000000002,65.3,989,1002
232,165.8,72.5,906,1066
233,162.3,72.10000000000001,854,1065
234,166.10000000000002,56.1,738,932
235,156.3,58.300000000000004,784,919
236,163.0,67.7,871,989
237,152.8,57.6,811,965
238,165.3,55.900000000000006,728,923
239,151.20000000000002,46.800000000000004,763,867
240,162.9,56.7,793,950
241,167.5,82.0,1001,1093
242,149.8,66.4,922,1054
243,153.8,62.6,829,1019
244,156.70000000000002,65.3,850,1057
245,159.0,53.900000000000006,731,917
246,157.3,75.0,996,1042
247,159.5,70.4,871,1091
248,161.0,67.5,1036,1008
249,156.5,64.0,835,1021
250,152.3,47.0,665,884
251,157.0,50.2,671,920
252,155.60000000000002,59.7,769,977
253,159.9,64.60000000000001,850,964
254,161.10000000000002,72.60000000000001,936,1051
255,168.10000000000002,63.1,758,965
256,158.5,63.1,888,1014
257,161.4,66.0,941,1022
258,167.4,78.9,812,1159
259,165.3,53.1,704,910
260,159.3,70.8,1027,1057
261,159.20000000000002,62.5,885,969
262,161.70000000000002,68.0,872,1021
263,158.9,73.4,1041,1126
264,159.70000000000002,68.8,859,1023
265,169.8,84.0,1022,1115
266,161.9,64.7,790,1013
267,166.3,56.1,711,914
268,160.60000000000002,73.5,941,1077
269,160.9,73.3,1076,1108
270,169.60000000000002,60.5,797,983
271,172.3,72.2,904,1063
272,174.8,90.80000000000001,979,1135
273,169.5,76.0,888,1114
274,164.8,60.6,769,969
275,157.9,57.300000000000004,807,985
276,158.70000000000002,60.2,839,978
277,160.4,66.9,975,1063
278,160.3,82.9,1127,1131
279,171.20000000000002,76.5,930,1115
280,162.8,67.10000000000001,907,1006
281,152.0,58.900000000000006,919,1004
282,164.0,61.5,839,1007
283,161.60000000000002,52.900000000000006,697,934
284,168.4,84.7,1088,1158
285,164.9,59.6,805,971
286,167.70000000000002,66.60000000000001,844,1018
287,165.3,67.60000000000001,915,1011
288,163.8,65.8,862,1046
289,164.60000000000002,59.6,835,1035
290,161.9,73.5,1000,1079
291,153.0,55.6,789,997
292,160.3,56.1,777,975
293,168.0,56.0,796,925
294,160.20000000000002,87.10000000000001,1017,1142
295,144.70000000000002,73.60000000000001,1074,1152
296,162.70000000000002,61.300000000000004,688,921
297,159.4,50.5,713,921
298,168.8,82.30000000000001,1035,1092
299,154.70000000000002,56.1,827,942
300,162.10000000000002,75.4,950,1082
301,162.5,59.300000000000004,805,1006
302,159.70000000000002,69.5,896,1020
303,160.20000000000002,82.0,905,1118
304,161.4,58.300000000000004,833,943
305,174.3,92.0,1055,1206
306,160.3,84.10000000000001,1071,1146
307,157.60000000000002,84.2,1111,1176
308,161.9,66.0,871,1022
309,175.4,89.60000000000001,969,1151
310,170.9,84.2,942,1079
311,178.9,84.5,964,1117
312,158.70000000000002,59.6,887,1005
313,168.70000000000002,68.8,838,1037
314,166.5,69.0,826,1081
315,157.3,74.8,950,1087
316,165.4,69.9,819,1038
317,158.20000000000002,69.10000000000001,920,999
318,157.5,56.6,744,977
319,160.0,69.9,880,1026
320,158.4,46.800000000000004,740,868
321,153.5,70.10000000000001,829,1121
322,159.3,83.2,1029,1100
323,158.3,78.9,973,1104
324,160.8,59.2,845,955
325,166.3,58.300000000000004,828,961
326,160.9,74.60000000000001,1020,1113
327,151.3,42.800000000000004,675,871
328,170.4,85.30000000000001,1007,1140
329,170.8,66.4,858,997
330,150.6,57.7,804,973
331,158.3,56.5,811,944
332,173.10000000000002,71.4,864,1030
333,166.9,76.2,871,1036
334,164.0,55.6,824,933
335,161.3,56.1,724,909
336,164.0,64.10000000000001,849,988
337,158.10000000000002,76.60000000000001,918,1050
338,166.4,70.2,829,987
339,156.20000000000002,56.1,799,966
340,172.20000000000002,81.2,1017,1101
341,156.4,72.5,900,1073
342,158.9,68.60000000000001,917,1039
343,178.9,92.4,970,1165
344,160.8,66.2,884,944
345,159.5,56.2,796,973
346,159.0,56.400000000000006,785,938
347,157.5,65.3,870,985
348,153.9,67.9,905,1083
349,165.4,77.7,958,1100
350,161.60000000000002,63.2,855,1021
351,164.60000000000002,69.7,869,1010
352,154.8,68.10000000000001,875,1064
353,161.70000000000002,57.0,722,985
354,152.70000000000002,74.2,1034,1089
355,165.3,58.900000000000006,757,908
356,160.60000000000002,75.0,995,1035
357,170.0,74.4,812,1029
358,167.20000000000002,81.5,954,1119
359,172.8,76.5,928,1039
360,167.70000000000002,82.7,1049,1082
361,179.0,79.30000000000001,958,1064
362,164.3,73.5,912,1084
363,158.4,62.0,822,989
364,158.3,65.9,935,1004
365,164.0,70.5,957,1037
366,156.20000000000002,49.300000000000004,707,911
367,165.0,64.3,771,1001
368,165.60000000000002,65.4,806,1009
369,162.4,65.5,1002,998
370,163.10000000000002,85.60000000000001,1044,1138
371,171.5,63.2,815,975
372,160.70000000000002,64.8,752,1048
373,160.0,60.400000000000006,831,941
374,157.10000000000002,70.2,880,1099
375,160.3,65.9,817,1062
376,159.9,77.10000000000001,938,1075
377,160.20000000000002,52.400000000000006,797,964
378,164.20000000000002,68.5,773,1036
379,171.5,101.7,1103,1237
380,163.4,48.7,679,883
381,165.70000000000002,82.4,1055,1184
382,162.60000000000002,72.4,856,1000
383,153.60000000000002,61.7,868,967
384,169.8,69.60000000000001,818,1068
385,165.20000000000002,75.3,846,1047
386,161.10000000000002,78.5,1032,1148
387,176.4,81.2,911,1128
388,158.60000000000002,48.5,650,912
389,159.20000000000002,59.5,804,991
390,178.20000000000002,74.0,880,1034
391,170.8,79.9,970,1063
392,165.0,64.5,841,986
393,161.20000000000002,72.5,949,1101
394,166.0,60.0,766,960
395,162.9,63.0,811,994
396,163.0,76.2,978,1047
397,174.3,69.60000000000001,738,1024
398,168.8,81.80000000000001,1001,1067
399,158.0,50.800000000000004,705,888
400,161.0,66.5,901,985
401,155.60000000000002,40.0,620,832
402,158.5,73.60000000000001,1000,1081
403,168.5,77.0,952,1034
404,159.20000000000002,63.0,823,999
405,169.8,76.10000000000001,919,1076
406,164.8,69.0,886,1051
407,157.5,57.300000000000004,791,950
408,160.20000000000002,61.7,794,983
409,166.9,66.3,822,1025
410,163.70000000000002,85.0,996,1128
411,169.0,60.1,798,962
412,166.4,65.5,795,1039
413,171.0,71.60000000000001,940,1050
414,159.60000000000002,61.1,716,973
415,165.60000000000002,100.0,1164,1250
416,158.60000000000002,79.10000000000001,870,1147
417,165.3,67.60000000000001,886,1041
418,166.10000000000002,74.0,831,1046
419,149.5,50.1,749,904
420,163.3,58.7,811,970
421,165.20000000000002,69.60000000000001,850,1070
422,159.60000000000002,59.900000000000006,779,1030
423,171.5,80.9,1009,1076
424,172.4,78.80000000000001,939,1080
425,174.10000000000002,79.7,907,1137
426,170.70000000000002,74.60000000000001,851,1105
427,168.4,74.0,917,1100
428,158.60000000000002,56.900000000000006,780,936
429,161.10000000000002,82.9,1046,1114
430,165.8,77.0,939,1038
431,167.3,75.10000000000001,909,1108
432,177.0,88.9,1076,1171
433,157.4,66.10000000000001,799,1040
434,171.5,84.2,1009,1151
435,152.5,55.800000000000004,865,986
436,165.0,98.30000000000001,1154,1195
437,153.70000000000002,53.5,814,955
438,156.8,58.1,801,973
439,156.9,68.4,830,1004
440,171.10000000000002,72.5,807,1036
441,163.9,75.7,1073,1060
442,163.8,73.3,946,1075
443,175.60000000000002,70.4,845,1053
444,161.8,59.0,748,966
445,174.5,83.5,1003,1114
446,156.9,63.5,814,1043
447,166.8,54.6,782,925
448,161.9,61.0,780,990
449,165.70000000000002,82.0,1016,1103
450,162.8,68.5,847,1017
451,166.0,57.400000000000006,803,945
452,168.3,61.6,733,953
453,167.20000000000002,67.8,866,1017
454,162.3,55.800000000000004,745,937
455,167.20000000000002,58.800000000000004,705,917
456,161.9,59.1,784,984
457,155.8,51.1,712,948
458,164.9,59.1,742,951
459,173.0,67.10000000000001,805,1022
460,152.70000000000002,52.2,730,917
461,167.0,56.5,761,940
462,158.3,77.4,1000,1084
463,164.3,73.0,885,1038
464,171.70000000000002,66.9,800,1020
465,162.3,71.8,945,1098
466,163.0,59.400000000000006,810,964
467,171.0,68.0,808,995
468,173.0,77.9,961,1102
469,172.5,69.5,772,1044
470,168.0,75.5,928,1075
471,168.20000000000002,64.5,889,1011
472,168.0,84.30000000000001,1050,1045
473,182.9,68.8,777,997
474,167.5,64.3,866,1012
475,172.70000000000002,68.9,842,1006
476,161.5,65.10000000000001,842,956
477,149.70000000000002,46.0,690,850
478,161.3,61.0,750,1037
479,177.10000000000002,92.5,950,1137
480,158.8,66.60000000000001,829,1010
481,173.60000000000002,82.10000000000001,995,1075
482,166.4,59.1,767,1014
483,158.4,72.2,898,1086
484,171.20000000000002,77.0,940,1097
485,165.8,61.7,787,978
486,164.60000000000002,68.5,812,1056
487,172.3,68.9,820,1026
488,157.8,58.7,813,1002
489,167.10000000000002,74.2,845,1059
490,158.0,82.0,1011,1136
491,158.4,55.7,758,967
492,167.0,64.8,814,928
493,158.5,56.6,770,946
494,163.8,58.400000000000006,809,944
495,158.9,59.900000000000006,817,1013
496,165.9,78.5,938,1060
497,155.0,65.4,845,1015
498,173.0,83.80000000000001,995,1068
499,150.0,64.4,907,1074
500,161.5,80.9,983,1062
501,164.5,67.7,801,1042
502,172.70000000000002,84.7,1029,1096
503,166.70000000000002,78.10000000000001,1052,1096
504,151.9,55.2,848,901
505,170.0,83.2,955,1054
506,162.8,69.4,807,1069
507,160.0,78.60000000000001,855,1102
508,174.70000000000002,85.10000000000001,969,1082
509,158.3,67.8,900,1061
510,166.20000000000002,64.5,800,990
511,169.70000000000002,61.800000000000004,720,952
512,173.20000000000002,84.30000000000001,942,1051
513,164.70000000000002,79.30000000000001,1015,1106
514,158.9,72.7,1019,1035
515,154.5,64.5,829,1029
516,165.9,75.5,937,1053
517,152.20000000000002,55.5,885,950
518,165.10000000000002,77.9,816,1085
519,176.70000000000002,76.3,922,1059
520,160.8,78.5,965,1116
521,160.5,71.7,931,1086
522,173.4,67.4,895,1003
523,166.10000000000002,73.0,829,1105
524,158.9,75.4,980,1137
525,174.10000000000002,77.60000000000001,800,1076
526,167.0,81.0,1012,1085
527,168.0,66.7,801,1030
528,173.60000000000002,79.10000000000001,915,1130
529,168.20000000000002,76.3,937,1058
530,171.4,65.0,811,997
531,154.60000000000002,51.300000000000004,691,888
532,163.4,59.1,813,953
533,156.8,65.8,890,1032
534,153.60000000000002,50.400000000000006,782,915
535,158.4,68.5,927,1028
536,164.60000000000002,62.900000000000006,874,981
537,166.4,56.800000000000004,765,935
538,165.8,66.10000000000001,800,965
539,173.8,68.3,734,1003
540,174.5,79.10000000000001,775,1065
541,159.5,90.7,1061,1220
542,162.5,78.30000000000001,926,1097
543,162.3,70.9,865,1057
544,151.8,50.900000000000006,752,915
545,152.5,62.300000000000004,877,990
546,155.70000000000002,66.4,900,1053
547,173.0,92.10000000000001,1054,1113
548,160.10000000000002,67.10000000000001,903,1035
549,159.70000000000002,54.7,728,938
550,174.3,78.4,947,1034
551,168.3,59.0,754,960
552,175.20000000000002,76.3,921,1005
553,161.8,70.9,851,1075
554,162.0,70.3,851,1040
555,164.9,58.1,790,949
556,170.9,59.300000000000004,764,922
557,158.70000000000002,75.3,992,1059
558,163.20000000000002,66.2,816,955
559,152.70000000000002,68.3,965,1027
560,166.0,75.8,975,1021
561,163.20000000000002,61.300000000000004,734,980
562,174.20000000000002,73.0,820,1034
563,170.9,70.0,848,1031
564,161.9,75.10000000000001,925,1033
565,167.5,73.8,927,1009
566,163.4,64.2,837,1004
567,167.9,59.5,802,980
568,161.4,56.900000000000006,846,945
569,168.4,59.6,778,983
570,159.70000000000002,63.1,853,968
571,161.0,58.900000000000006,730,957
572,168.8,74.60000000000001,886,1100
573,172.5,86.4,929,1157
574,160.9,60.800000000000004,900,946
575,158.5,50.400000000000006,759,906
576,156.20000000000002,54.900000000000006,816,956
577,154.70000000000002,53.0,770,916
578,161.10000000000002,69.2,895,1036
579,174.0,71.3,880,991
580,155.5,70.5,904,1079
581,165.0,69.9,938,1023
582,158.3,65.9,906,1030
583,164.70000000000002,63.2,750,1005
584,153.20000000000002,69.60000000000001,845,1061
585,161.9,59.300000000000004,811,972
586,170.4,69.5,888,1008
587,168.9,79.7,774,1056
588,165.70000000000002,61.900000000000006,846,1004
589,164.70000000000002,67.7,861,1005
590,167.0,54.400000000000006,724,879
591,149.6,64.60000000000001,928,1002
592,171.70000000000002,88.2,1026,1101
593,153.1,63.400000000000006,915,1043
594,166.60000000000002,76.5,987,1092
595,157.4,65.4,915,1045
596,166.3,83.7,888,1105
597,161.70000000000002,65.2,863,982
598,158.5,62.400000000000006,857,966
599,164.70000000000002,99.4,1037,1217
600,164.3,74.8,950,1075
601,167.70000000000002,64.9,877,999
602,167.0,54.2,665,919
603,165.10000000000002,81.4,885,1165
604,152.5,56.300000000000004,812,969
605,171.5,96.7,1096,1197
606,160.20000000000002,83.7,1006,1035
607,157.0,50.2,685,873
608,166.20000000000002,65.7,944,1001
609,156.10000000000002,70.7,973,1063
610,154.3,66.9,975,1080
611,156.20000000000002,59.7,853,981
612,162.70000000000002,72.0,885,1072
613,167.8,75.0,816,1057
614,160.8,67.3,982,1076
615,167.20000000000002,78.4,856,1132
616,166.10000000000002,51.6,710,898
617,157.4,63.0,890,1011
618,167.0,79.30000000000001,990,1062
619,158.5,56.400000000000006,793,1001
620,157.4,68.7,962,1049
621,161.70000000000002,59.0,727,969
622,159.20000000000002,60.300000000000004,770,994
623,170.5,69.9,930,1020
624,162.0,57.300000000000004,849,947
625,157.9,65.4,882,1003
626,166.10000000000002,60.300000000000004,749,958
627,159.5,77.10000000000001,935,1074
628,164.60000000000002,76.7,903,1038
629,152.20000000000002,66.7,890,1038
630,176.0,78.30000000000001,900,1079
631,150.5,51.800000000000004,752,897
632,170.8,66.3,803,994
633,165.9,65.5,861,963
634,161.3,69.0,906,992
635,166.60000000000002,68.0,870,988
636,156.5,60.900000000000006,860,1014
637,157.8,64.60000000000001,785,1037
638,148.0,54.0,770,930
639,163.60000000000002,53.0,756,933
640,160.8,78.9,901,1063
641,155.20000000000002,43.1,658,801
642,155.9,74.60000000000001,873,1089
643,159.5,71.2,1033,1090
644,167.4,72.7,863,1052
645,166.10000000000002,61.300000000000004,761,974
646,155.0,57.400000000000006,792,917
647,159.70000000000002,65.5,832,1013
648,154.3,57.7,753,946
649,163.60000000000002,58.5,760,930
650,156.3,62.7,913,1012
651,150.6,53.5,779,934
652,168.9,65.2,803,969
653,160.0,70.2,878,1047
654,182.70000000000002,93.10000000000001,1080,1136
655,159.4,53.2,742,937
656,176.8,73.5,817,1014
657,165.8,55.7,759,897
658,162.9,65.5,865,981
659,167.20000000000002,69.10000000000001,855,1027
660,178.3,96.5,967,1134
661,157.10000000000002,70.2,992,1011
662,152.5,52.300000000000004,736,875
663,159.5,66.0,876,999
664,170.8,81.4,947,1082
665,181.8,95.2,1000,1145
666,168.8,65.8,802,956
667,156.8,50.300000000000004,695,936
668,155.5,54.7,807,943
669,164.5,68.8,918,1034
670,163.10000000000002,60.400000000000006,750,958
671,156.3,66.9,881,1005
672,156.60000000000002,59.900000000000006,806,1000
673,158.5,61.6,875,1014
674,151.8,54.800000000000004,798,952
675,159.0,60.400000000000006,716,938
676,146.20000000000002,51.900000000000006,829,920
677,159.9,64.0,943,1007
678,166.5,66.9,834,1058
679,171.20000000000002,79.10000000000001,958,1063
680,163.4,59.800000000000004,796,958
681,162.8,73.60000000000001,865,1030
682,162.5,82.5,1052,1077
683,171.8,75.60000000000001,881,1083
684,160.4,59.5,767,946
685,174.8,86.30000000000001,978,1171
686,165.0,68.60000000000001,936,983
687,167.9,76.3,970,1063
688,163.5,72.5,904,1052
689,167.3,63.900000000000006,783,979
690,164.3,55.900000000000006,772,927
691,169.10000000000002,76.4,960,1044
692,167.20000000000002,69.9,871,1001
693,163.8,63.0,825,1010
694,167.60000000000002,60.6,734,954
695,165.5,68.0,852,1017
696,167.5,65.4,813,1029
697,150.8,53.800000000000004,765,960
698,167.9,73.10000000000001,955,1058
699,169.20000000000002,76.60000000000001,882,1099
700,163.10000000000002,57.7,800,935
701,153.3,59.800000000000004,827,984
702,156.3,68.60000000000001,887,1064
703,165.5,70.8,830,1049
704,149.6,48.800000000000004,697,880
705,177.70000000000002,76.60000000000001,857,1052
706,154.60000000000002,58.300000000000004,788,948
707,168.5,68.5,936,1039
708,160.8,58.5,768,975
709,163.20000000000002,71.9,833,1044
710,169.0,64.9,802,993
711,165.5,58.300000000000004,742,926
712,157.4,64.8,850,1027
713,165.9,56.400000000000006,758,923
714,154.10000000000002,47.800000000000004,706,870
715,167.5,59.1,775,951
716,165.20000000000002,66.5,912,1038
717,159.3,64.9,886,1042
718,156.5,51.2,755,905
719,153.0,49.6,765,872
720,160.0,74.4,897,1026
721,161.5,68.0,868,984
722,155.70000000000002,50.6,790,900
723,167.9,59.1,785,938
724,166.20000000000002,71.2,864,1045
725,169.60000000000002,84.4,967,1121
726,165.70000000000002,54.7,760,939
727,149.5,48.7,726,903
728,164.4,61.2,842,989
729,165.20000000000002,72.2,865,1035
730,156.60000000000002,56.7,888,959
731,165.3,68.8,819,1002
732,160.4,54.2,739,945
733,159.4,61.1,805,980
734,162.70000000000002,67.2,880,1038
735,172.9,74.9,810,1029
736,160.20000000000002,58.5,803,928
737,161.5,60.5,787,977
738,164.5,60.1,787,986
739,162.3,62.1,821,948
740,159.5,60.900000000000006,723,922
741,148.0,47.0,628,833
742,169.60000000000002,78.60000000000001,951,1085
743,168.0,72.5,857,1066
744,159.0,51.6,726,894
745,152.9,50.1,700,870
746,155.10000000000002,62.6,860,980
747,170.9,78.7,832,1072
748,158.9,57.2,818,927
749,161.60000000000002,67.0,813,1058
750,164.3,53.5,705,925
751,158.70000000000002,63.800000000000004,768,1037
752,169.10000000000002,75.2,779,1043
753,155.8,51.900000000000006,699,894
754,161.10000000000002,60.2,768,961
755,172.4,70.10000000000001,898,1011
756,162.3,78.2,900,1063
757,168.60000000000002,61.1,791,903
758,158.70000000000002,63.1,895,973
759,154.60000000000002,54.0,710,903
760,168.20000000000002,61.900000000000006,827,941
761,151.9,57.7,812,985
762,163.10000000000002,67.3,808,1002
763,152.5,60.800000000000004,789,1027
764,165.70000000000002,90.5,1092,1158
765,165.3,68.2,815,995
766,144.70000000000002,68.3,937,1036
767,161.5,77.80000000000001,1040,1056
768,173.20000000000002,64.8,854,1009
769,173.3,108.2,1076,1265
770,176.0,87.5,1031,1165
771,166.9,78.80000000000001,930,1078
772,160.20000000000002,84.4,976,1124
773,161.10000000000002,66.7,916,998
774,160.70000000000002,74.9,927,1030
775,158.20000000000002,82.7,1032,1158
776,163.60000000000002,69.5,925,1057
777,170.20000000000002,69.7,889,1027
778,159.10000000000002,52.800000000000004,708,887
779,172.4,78.5,925,1062
780,165.70000000000002,66.9,833,1030
781,159.10000000000002,55.6,827,929
782,163.0,84.0,1042,1160
783,173.0,83.10000000000001,961,1061
784,169.5,73.5,866,1064
785,159.8,76.3,911,1110
786,160.60000000000002,63.7,875,1006
787,164.4,70.0,906,1016
788,157.5,62.6,835,1037
789,164.20000000000002,60.7,787,960
790,161.5,70.5,943,1031
791,157.0,68.9,913,1110
792,160.70000000000002,63.300000000000004,778,974
793,162.60000000000002,56.400000000000006,722,916
794,172.9,72.9,843,1009
795,150.1,61.800000000000004,782,970
796,165.70000000000002,61.800000000000004,791,947
797,161.4,54.6,761,911
798,166.0,68.60000000000001,853,1015
799,167.5,64.10000000000001,725,927
800,163.8,63.5,779,970
801,158.4,63.400000000000006,834,1010
802,168.0,68.4,800,1021
803,166.70000000000002,68.0,835,965
804,175.8,75.10000000000001,825,1053
805,168.8,85.10000000000001,962,1139
806,163.60000000000002,58.2,823,965
807,160.70000000000002,70.9,846,1036
808,159.4,66.4,959,1062
809,169.4,75.7,907,1025
810,160.60000000000002,63.2,807,993
811,168.70000000000002,67.4,853,987
812,157.4,60.2,753,978
813,160.3,61.6,839,965
814,155.9,58.400000000000006,762,922
815,165.9,71.7,861,1042
816,161.4,60.6,845,960
817,163.0,64.8,818,994
818,143.5,47.800000000000004,760,885
819,167.20000000000002,75.10000000000001,885,1037
820,170.8,73.9,872,1020
821,167.60000000000002,68.60000000000001,887,991
822,160.9,62.0,788,1018
823,159.0,74.0,937,1055
824,162.9,59.800000000000004,798,946
825,159.8,64.5,826,987
826,156.0,56.300000000000004,761,939
827,168.8,68.60000000000001,822,959
828,174.5,69.60000000000001,803,970
829,167.3,63.1,791,955
830,166.20000000000002,72.9,846,1035
831,157.60000000000002,54.800000000000004,762,889
832,172.0,65.0,860,954
833,170.10000000000002,70.0,867,1033
834,162.0,58.0,793,930
835,167.0,73.8,928,1044
836,163.0,47.800000000000004,672,853
837,163.60000000000002,58.300000000000004,785,958
838,171.4,84.9,916,1177
839,170.20000000000002,73.2,854,1027
840,159.0,60.900000000000006,778,981
841,164.3,65.4,771,1031
842,176.9,83.2,897,1101
843,154.9,59.1,822,970
844,153.3,69.5,935,985
845,159.20000000000002,60.900000000000006,828,964
846,160.9,65.0,841,975
847,156.9,55.0,754,933
848,158.60000000000002,65.9,865,1017
849,157.4,70.10000000000001,827,1059
850,161.70000000000002,68.9,887,1012
851,158.9,60.7,836,972
852,167.9,73.60000000000001,917,1040
853,170.0,56.400000000000006,739,915
854,162.3,56.6,779,931
855,167.70000000000002,68.10000000000001,775,981
856,159.8,66.0,860,1018
857,162.5,53.6,700,898
858,168.5,64.7,812,963
859,168.5,77.60000000000001,908,1059
860,162.3,56.300000000000004,733,898
861,167.4,67.5,904,994
862,165.3,60.400000000000006,814,959
863,158.70000000000002,54.2,872,965
864,159.5,66.4,980,1071
865,156.3,74.4,1046,1096
866,167.4,62.1,841,980
867,143.9,58.5,824,977
868,171.8,81.0,955,1074
869,158.9,51.1,717,930
870,164.5,71.7,964,1030
871,167.70000000000002,60.7,758,1005
872,155.20000000000002,59.1,829,1030
873,152.3,63.6,999,1005
874,161.20000000000002,71.5,941,1088
875,164.20000000000002,57.400000000000006,776,946
876,173.20000000000002,71.60000000000001,822,1003
877,160.0,54.0,752,931
878,140.9,42.6,716,815
879,162.0,58.5,759,926
880,174.60000000000002,82.80000000000001,898,1112
881,168.8,74.0,852,1055
882,160.60000000000002,76.5,920,1054
883,165.8,85.2,1047,1130
884,159.0,67.10000000000001,904,1066
885,178.10000000000002,76.0,875,1060
886,169.0,69.5,850,1062
887,165.4,75.4,987,1079
888,158.3,66.3,870,1079
889,152.3,48.0,743,912
890,168.5,83.0,910,1100
891,167.20000000000002,75.60000000000001,964,1095
892,164.10000000000002,78.4,934,1046
893,164.4,59.400000000000006,780,985
894,159.70000000000002,76.60000000000001,951,1104
895,173.20000000000002,67.8,795,969
896,152.9,51.7,815,907
897,162.0,66.2,848,1015
898,164.3,66.5,797,966
899,155.60000000000002,61.300000000000004,927,961
900,163.0,72.9,986,1086
901,161.4,70.10000000000001,884,1103
902,146.4,42.6,673,872
903,174.9,72.9,810,1039
904,161.8,76.10000000000001,933,1076
905,163.10000000000002,71.9,995,1077
906,170.4,79.4,966,1100
907,166.9,70.5,874,1036
908,158.60000000000002,72.7,1013,1044
909,160.20000000000002,60.900000000000006,735,998
910,162.0,80.0,1072,1130
911,157.5,62.5,834,1046
912,151.3,76.80000000000001,1065,1167
913,157.3,57.800000000000004,818,973
914,164.9,63.900000000000006,828,990
915,165.70000000000002,74.9,945,1040
916,153.8,65.0,900,1002
917,168.4,63.300000000000004,831,1033
918,155.0,52.6,822,932
919,163.0,76.60000000000001,1021,1117
920,169.3,93.4,1157,1148
921,155.70000000000002,66.7,861,1042
922,162.70000000000002,62.2,765,971
923,166.60000000000002,94.2,1085,1078
924,159.9,64.10000000000001,880,995
925,154.70000000000002,69.2,1012,1074
926,163.60000000000002,64.60000000000001,831,1006
927,154.70000000000002,52.5,797,916
928,162.9,49.0,762,918
929,156.0,74.9,922,1108
930,175.10000000000002,85.2,1035,1092
931,162.5,77.2,1012,1083
932,157.3,64.3,864,986
933,159.9,72.2,962,1079
934,154.70000000000002,69.3,914,983
935,173.5,73.7,862,1094
936,167.0,72.5,957,1045
937,167.8,81.60000000000001,897,1147
938,160.4,57.0,812,964
939,163.10000000000002,66.0,865,998
940,168.4,80.4,1054,1190
941,171.5,85.2,973,1163
942,163.5,66.2,947,966
943,166.60000000000002,70.60000000000001,902,1041
944,170.5,57.7,782,909
945,162.9,52.6,755,905
946,171.8,80.80000000000001,990,1098
947,162.60000000000002,83.4,972,1126
948,161.60000000000002,75.0,922,1069
949,160.20000000000002,61.900000000000006,895,1031
950,166.70000000000002,67.5,885,1034
951,164.5,70.2,910,1023
952,167.0,65.9,827,1000
953,162.10000000000002,71.2,840,1085
954,172.10000000000002,102.80000000000001,1032,1196
955,160.60000000000002,75.9,903,1061
956,156.70000000000002,65.9,875,1005
957,172.0,64.4,790,979
958,163.9,68.9,875,1063
959,173.0,86.30000000000001,983,1110
960,168.20000000000002,94.9,1139,1168
961,172.0,63.0,792,995
962,178.3,106.9,1133,1181
963,164.10000000000002,63.900000000000006,881,991
964,156.8,68.3,907,1101
965,164.0,63.0,850,994
966,155.60000000000002,71.8,945,1054
967,164.70000000000002,87.4,1069,1160
968,163.0,75.2,920,1111
969,158.70000000000002,85.2,1095,1157
970,162.70000000000002,82.7,1039,1098
971,163.8,55.900000000000006,765,936
972,164.4,82.10000000000001,1042,1078
973,160.3,66.3,880,990
974,171.3,63.800000000000004,811,978
975,172.10000000000002,79.9,987,1114
976,157.3,58.900000000000006,793,999
977,161.9,76.10000000000001,918,1102
978,152.4,67.2,1040,1060
979,160.5,54.1,803,901
980,161.70000000000002,69.7,838,983
981,160.10000000000002,61.6,878,988
982,170.3,85.2,1040,1148
983,157.4,58.2,785,957
984,159.60000000000002,74.2,943,1027
985,160.20000000000002,60.900000000000006,800,966
986,159.9,69.0,916,1026
987,163.20000000000002,67.5,961,1013
988,166.0,88.60000000000001,1065,1159
989,156.8,65.2,847,1046
990,163.9,82.60000000000001,1020,1158
991,159.10000000000002,55.6,790,904
992,162.8,71.9,887,1080
993,161.5,82.2,975,1088
994,168.0,96.5,1100,1205
995,159.0,62.400000000000006,896,982
996,156.3,43.5,660,854
997,164.10000000000002,75.3,1021,1022
998,171.0,55.300000000000004,790,900
999,156.60000000000002,57.800000000000004,816,989
1000,157.3,71.3,966,1048
1001,166.9,77.60000000000001,966,1083
1002,160.70000000000002,65.5,809,985
1003,163.3,57.800000000000004,787,890
1004,169.9,84.30000000000001,907,1089
1005,163.8,67.0,877,1002
1006,163.4,76.4,878,1102
1007,166.0,66.3,734,982
1008,160.4,67.10000000000001,861,1010
1009,169.3,70.60000000000001,885,961
1010,159.5,63.6,820,985
1011,169.4,64.60000000000001,796,962
1012,162.60000000000002,65.8,835,975
1013,161.3,78.9,922,1092
1014,161.4,58.5,769,963
1015,163.0,58.900000000000006,812,959
1016,171.60000000000002,78.5,973,1063
1017,151.0,67.60000000000001,952,1021
1018,163.9,86.2,1113,1110
1019,157.60000000000002,60.5,907,952
1020,167.70000000000002,95.0,1068,1156
1021,166.9,64.9,843,955
1022,159.20000000000002,61.6,755,999
1023,160.60000000000002,71.5,910,1025
1024,159.70000000000002,76.5,943,1102
1025,161.0,65.2,819,1045
1026,181.10000000000002,77.30000000000001,905,1104
1027,163.9,73.4,1018,1087
1028,163.5,54.900000000000006,757,928
1029,175.10000000000002,80.2,893,1092
1030,162.60000000000002,69.5,849,1041
1031,168.8,64.7,768,990
1032,158.8,65.7,850,1051
1033,163.5,87.10000000000001,1090,1139
1034,162.4,58.0,835,976
1035,163.4,79.60000000000001,946,1107
1036,174.9,76.10000000000001,852,1066
1037,164.60000000000002,57.6,741,939
1038,160.0,87.0,1060,1138
1039,160.0,76.60000000000001,1017,1060
1040,151.70000000000002,54.800000000000004,782,1002
1041,165.9,82.60000000000001,1030,1115
1042,171.8,65.10000000000001,853,1007
1043,153.3,57.0,881,965
1044,159.20000000000002,71.9,948,1043
1045,163.60000000000002,72.60000000000001,846,1044
1046,164.8,71.60000000000001,875,1026
1047,166.9,83.2,982,1091
1048,165.5,60.400000000000006,791,954
1049,177.0,76.4,844,1023
1050,175.20000000000002,93.4,1028,1181
1051,174.10000000000002,57.300000000000004,768,961
1052,160.8,58.2,775,993
1053,163.60000000000002,55.300000000000004,718,890
1054,155.5,69.8,871,1021
1055,157.3,64.0,840,1063
1056,162.3,59.0,719,951
1057,153.4,60.400000000000006,811,976
1058,154.3,66.60000000000001,920,1070
1059,174.4,67.0,812,998
1060,162.3,63.300000000000004,814,1033
1061,158.70000000000002,61.800000000000004,818,1008
1062,156.3,64.5,844,1036
1063,165.5,58.2,787,930
1064,161.20000000000002,79.60000000000001,948,1182
1065,163.60000000000002,60.900000000000006,834,995
1066,170.9,82.30000000000001,972,1127
1067,154.70000000000002,56.7,763,925
1068,165.70000000000002,51.0,710,894
1069,169.5,60.1,805,945
1070,172.0,71.60000000000001,843,1046
1071,158.70000000000002,68.10000000000001,866,1040
1072,167.60000000000002,94.0,981,1142
1073,172.60000000000002,68.60000000000001,840,1033
1074,161.60000000000002,67.10000000000001,866,1042
1075,174.70000000000002,68.9,745,984
1076,170.5,78.60000000000001,930,1016
1077,168.5,70.4,824,1015
1078,159.4,50.400000000000006,669,887
1079,168.70000000000002,59.800000000000004,769,944
1080,170.0,76.0,877,1022
1081,165.8,78.0,970,1072
1082,156.20000000000002,71.2,880,1101
1083,165.8,66.5,870,997
1084,168.8,73.5,900,1080
1085,152.4,54.400000000000006,752,937
1086,161.10000000000002,67.8,805,1008
1087,162.70000000000002,64.8,842,994
1088,161.4,66.3,917,1001
1089,159.8,77.9,853,1142
1090,164.3,70.2,953,1019
1091,161.10000000000002,59.2,816,962
1092,152.0,56.300000000000004,778,985
1093,169.70000000000002,92.7,963,1143
1094,164.0,80.10000000000001,931,1068
1095,167.20000000000002,77.2,889,1104
1096,166.20000000000002,70.4,805,1008
1097,160.10000000000002,59.0,776,967
1098,158.0,64.0,795,1007
1099,167.60000000000002,84.2,936,1112
1100,153.60000000000002,54.6,702,957
1101,156.10000000000002,71.5,918,1156
1102,147.5,57.5,828,1012
1103,153.20000000000002,52.2,698,907
1104,164.60000000000002,72.5,839,1072
1105,165.70000000000002,51.7,774,913
1106,164.8,63.1,828,994
1107,158.60000000000002,53.7,722,912
1108,160.9,59.7,805,963
1109,156.20000000000002,60.7,821,957
1110,150.70000000000002,57.7,797,972
1111,146.8,49.900000000000006,764,911
1112,163.60000000000002,68.7,847,1011
1113,158.5,68.0,863,995
1114,160.70000000000002,63.2,868,1007
1115,165.70000000000002,77.60000000000001,907,1051
1116,160.60000000000002,63.800000000000004,883,1046
1117,170.5,78.30000000000001,946,1098
1118,160.5,60.2,735,982
1119,166.60000000000002,77.10000000000001,952,1102
1120,163.5,61.7,833,954
1121,149.8,46.2,737,864
1122,161.9,59.1,715,1003
1123,155.9,57.400000000000006,808,959
1124,163.9,62.1,758,949
1125,157.4,61.800000000000004,883,977
1126,153.0,51.800000000000004,789,920
1127,155.20000000000002,63.1,812,1022
1128,157.20000000000002,65.3,838,1008
1129,167.0,64.60000000000001,770,964
1130,157.4,56.900000000000006,707,928
1131,163.60000000000002,66.10000000000001,798,1008
1132,157.5,59.800000000000004,856,994
1133,167.60000000000002,53.300000000000004,716,944
1134,170.5,75.5,940,1011
1135,160.3,70.2,907,1034
1136,159.3,65.5,832,1032
1137,161.10000000000002,64.4,836,965
1138,167.3,68.0,840,1026
1139,168.9,71.5,790,1040
1140,152.9,49.900000000000006,733,918
1141,160.20000000000002,52.300000000000004,700,899
1142,176.4,74.0,805,1006
1143,164.8,75.0,937,1102
1144,158.70000000000002,60.400000000000006,867,976
1145,149.20000000000002,43.0,641,822
1146,156.70000000000002,75.0,951,1063
1147,156.3,71.60000000000001,845,1103
1148,166.3,72.3,876,1019
1149,161.70000000000002,76.5,951,1081
1150,168.3,66.0,790,969
1151,163.60000000000002,60.0,752,979
1152,162.8,69.5,807,1008
1153,153.60000000000002,63.7,852,984
1154,153.0,60.2,880,989
1155,167.8,81.5,913,1105
1156,168.20000000000002,77.30000000000001,885,1054
1157,158.5,53.7,742,900
1158,158.8,67.2,826,1002
1159,171.8,69.8,820,993
1160,165.5,80.9,1010,1176
1161,170.5,72.2,820,1053
1162,160.8,63.0,792,965
1163,160.70000000000002,65.4,766,989
1164,149.0,48.400000000000006,728,900
1165,156.3,65.3,895,987
1166,167.70000000000002,66.9,811,1064
1167,161.5,66.8,856,1025
1168,157.0,67.2,772,1076
1169,156.3,59.7,826,1034
1170,162.70000000000002,65.8,844,983
1171,174.3,65.7,756,990
1172,163.5,68.10000000000001,893,1050
1173,169.9,89.4,1059,1193
1174,150.3,64.3,781,1035
1175,163.70000000000002,85.7,932,1116
1176,154.4,56.0,746,935
1177,149.3,61.300000000000004,801,962
1178,164.5,66.2,928,1010
1179,170.70000000000002,71.9,806,1025
1180,161.10000000000002,58.6,749,967
1181,154.3,57.6,767,926
1182,160.4,56.0,748,932
1183,158.8,61.6,798,990
1184,154.3,53.300000000000004,722,912
1185,163.0,67.8,888,1034
1186,167.4,77.60000000000001,784,1000
1187,156.0,65.8,778,1012
1188,162.0,66.60000000000001,930,997
1189,161.3,54.900000000000006,740,957
1190,154.10000000000002,53.900000000000006,818,927
1191,159.5,81.4,1026,1153
1192,160.0,61.1,796,950
1193,169.0,77.7,865,1078
1194,161.20000000000002,72.5,892,1046
1195,155.9,66.4,891,995
1196,167.8,80.60000000000001,985,1110
1197,160.8,52.2,767,949
1198,155.9,47.800000000000004,698,881
1199,168.3,84.5,1031,1113
1200,158.60000000000002,68.5,869,1060
1201,164.60000000000002,64.60000000000001,853,983
1202,165.60000000000002,67.9,788,1019
1203,151.5,50.900000000000006,755,901
1204,175.4,74.5,868,1018
1205,169.9,67.0,773,1028
1206,157.3,57.300000000000004,847,940
1207,165.70000000000002,59.7,799,982
1208,165.5,66.5,895,973
1209,150.20000000000002,50.5,740,896
1210,165.3,74.9,927,1074
1211,163.3,75.60000000000001,905,1046
1212,158.5,63.400000000000006,837,953
1213,163.20000000000002,76.80000000000001,896,1123
1214,161.60000000000002,80.4,968,1122
1215,167.0,76.2,941,1091
1216,163.20000000000002,52.6,698,919
1217,164.8,65.3,785,983
1218,157.60000000000002,72.60000000000001,928,1030
1219,160.60000000000002,55.7,783,915
1220,165.20000000000002,59.900000000000006,772,981
1221,162.5,75.9,970,1071
1222,159.8,60.7,880,960
1223,161.8,66.9,946,1064
1224,167.4,69.7,915,1014
1225,156.3,61.400000000000006,855,1025
1226,172.8,74.2,881,1098
1227,159.0,67.10000000000001,855,1055
1228,163.60000000000002,57.7,825,974
1229,165.5,80.30000000000001,939,1061
1230,170.70000000000002,63.400000000000006,837,1003
1231,167.60000000000002,68.10000000000001,822,1062
1232,163.3,73.4,895,1083
1233,160.70000000000002,67.2,803,1032
1234,161.8,66.2,911,1036
1235,170.8,70.3,822,1086
1236,173.5,70.9,790,1022
1237,171.5,58.6,700,915
1238,157.0,49.300000000000004,727,898
1239,164.20000000000002,73.3,849,1045
1240,178.8,99.60000000000001,1174,1170
1241,160.0,64.8,837,1035
1242,167.5,72.9,835,1033
1243,163.4,90.2,1114,1165
1244,157.60000000000002,75.4,960,1078
1245,159.9,65.4,814,988
1246,159.8,70.8,824,1054
1247,154.8,64.7,889,1016
1248,160.70000000000002,63.1,790,993
1249,168.60000000000002,66.60000000000001,775,1027
1250,164.0,66.7,827,1003
1251,156.3,49.7,707,903
1252,159.10000000000002,55.800000000000004,788,953
1253,167.8,92.10000000000001,982,1160
1254,167.0,69.5,804,1044
1255,152.9,56.300000000000004,847,914
1256,161.60000000000002,60.300000000000004,757,970
1257,162.0,64.7,860,1022
1258,151.0,64.2,827,1041
1259,162.60000000000002,70.10000000000001,852,1069
1260,160.0,58.300000000000004,815,985
1261,167.9,84.30000000000001,966,1108
1262,160.0,69.60000000000001,928,1068
1263,161.8,73.5,906,1062
1264,162.9,47.0,729,859
1265,165.10000000000002,60.800000000000004,775,973
1266,159.60000000000002,51.5,742,933
1267,165.4,71.7,882,1070
1268,177.60000000000002,88.9,995,1167
1269,154.60000000000002,53.2,705,956
1270,167.60000000000002,74.7,876,999
1271,158.5,62.2,775,1018
1272,159.4,57.400000000000006,733,924
1273,162.9,56.5,781,950
1274,158.10000000000002,64.60000000000001,840,1017
1275,161.4,52.900000000000006,751,902
1276,155.9,64.8,834,1012
1277,169.70000000000002,75.10000000000001,878,1054
1278,167.4,74.0,879,1031
1279,169.20000000000002,75.8,974,1039
1280,161.5,55.400000000000006,760,903
1281,176.20000000000002,85.2,964,1075
1282,157.3,81.4,1025,1155
1283,167.4,82.4,966,1102
1284,153.1,50.300000000000004,761,930
1285,150.5,60.7,905,998
1286,170.0,69.2,851,1007
1287,153.9,64.0,903,981
1288,162.0,65.0,820,989
1289,171.20000000000002,58.0,719,935
1290,155.4,60.1,810,1010
1291,159.8,60.1,728,985
1292,161.20000000000002,66.4,845,1002
1293,170.70000000000002,70.3,806,1053
1294,161.10000000000002,61.6,764,980
1295,159.9,65.4,854,975
1296,156.9,58.900000000000006,747,964
1297,166.3,52.400000000000006,656,902
1298,166.60000000000002,70.60000000000001,886,1016
1299,165.9,67.60000000000001,801,998
1300,154.3,62.300000000000004,895,966
1301,157.10000000000002,62.800000000000004,916,998
1302,161.8,50.300000000000004,681,908
1303,161.0,59.900000000000006,790,996
1304,151.20000000000002,50.800000000000004,680,922
1305,155.5,52.0,725,884
1306,172.9,83.10000000000001,942,1055
1307,159.3,62.2,838,950
1308,160.9,70.60000000000001,883,1027
1309,164.8,66.7,907,1032
1310,163.10000000000002,73.0,878,1045
1311,171.20000000000002,84.2,980,1129
1312,154.10000000000002,54.900000000000006,794,955
1313,166.3,60.900000000000006,754,981
1314,161.4,67.0,844,986
1315,159.8,71.10000000000001,860,1013
1316,161.70000000000002,65.5,865,1006
1317,165.8,77.10000000000001,900,1053
1318,164.20000000000002,66.8,769,1002
1319,169.8,70.7,863,1066
1320,164.8,75.7,936,1027
1321,175.60000000000002,85.7,866,1116
1322,165.10000000000002,67.8,842,1018
1323,163.4,63.0,819,998
1324,170.9,74.5,794,1025
1325,168.60000000000002,56.400000000000006,746,918
1326,164.5,72.10000000000001,878,1040
1327,156.5,64.60000000000001,835,980
1328,153.70000000000002,44.400000000000006,690,853
1329,151.1,59.1,800,982
1330,164.9,69.60000000000001,848,1034
1331,145.8,44.5,694,876
1332,175.9,72.60000000000001,765,997
1333,155.8,70.7,885,1090
1334,168.8,64.3,797,980
1335,158.10000000000002,65.4,831,1019
1336,158.3,62.6,840,975
1337,164.3,73.60000000000001,871,1059
1338,175.20000000000002,85.30000000000001,955,1109
1339,160.0,75.0,936,1188
1340,161.8,79.7,905,1094
1341,171.0,83.7,1005,1052
1342,158.5,59.0,756,952
1343,159.5,51.2,719,887
1344,161.4,62.1,794,987
1345,166.3,81.0,967,1074
1346,161.70000000000002,61.400000000000006,846,972
1347,159.60000000000002,54.400000000000006,738,952
1348,160.20000000000002,60.300000000000004,790,960
1349,169.4,79.2,926,1064
1350,151.0,61.800000000000004,853,1014
1351,153.4,60.300000000000004,886,954
1352,163.4,88.5,970,1102
1353,167.9,84.2,1000,1146
1354,161.8,79.80000000000001,956,1189
1355,165.8,63.400000000000006,840,975
1356,164.3,56.1,749,914
1357,165.20000000000002,77.4,905,1140
1358,161.5,73.0,847,1078
1359,167.4,85.0,933,1133
1360,152.70000000000002,64.3,883,980
1361,151.8,50.5,710,908
1362,165.3,72.9,825,1116
1363,165.9,83.5,866,1105
1364,157.0,46.300000000000004,668,918
1365,157.0,80.2,1121,1015
1366,165.3,95.10000000000001,1121,1150
1367,171.20000000000002,58.2,680,945
1368,151.9,70.3,863,1035
1369,170.20000000000002,101.9,1127,1232
1370,162.70000000000002,64.5,801,985
1371,151.6,72.10000000000001,942,1086
1372,158.3,66.10000000000001,900,974
1373,164.70000000000002,58.900000000000006,775,984
1374,159.4,52.800000000000004,702,929
1375,161.70000000000002,62.300000000000004,783,982
1376,167.4,89.60000000000001,1032,1056
1377,160.5,83.30000000000001,981,1130
1378,164.9,91.60000000000001,1090,1100
1379,160.3,67.7,780,1094
1380,162.0,53.5,726,957
1381,158.4,71.2,908,1004
1382,157.9,52.7,725,918
1383,160.8,72.10000000000001,933,1070
1384,165.60000000000002,58.900000000000006,781,935
1385,163.9,73.10000000000001,867,1101
1386,163.0,62.0,771,986
1387,161.5,69.5,991,1031
1388,158.4,62.0,850,923
1389,166.4,66.9,814,989
1390,154.5,54.300000000000004,830,901
1391,168.8,64.8,862,1025
1392,167.3,62.5,701,973
1393,164.70000000000002,64.3,807,1079
1394,163.70000000000002,73.60000000000001,957,1111
1395,178.70000000000002,82.4,922,1118
1396,150.3,70.10000000000001,895,1103
1397,156.20000000000002,69.9,940,1021
1398,155.8,75.4,912,1088
1399,157.60000000000002,64.7,818,1026
1400,162.8,66.60000000000001,830,1050
1401,174.8,83.10000000000001,944,1117
1402,157.20000000000002,63.2,840,972
1403,174.3,74.60000000000001,824,1070
1404,156.10000000000002,58.900000000000006,904,1000
1405,162.3,64.3,825,989
1406,164.9,70.5,908,1047
1407,166.10000000000002,76.0,901,1073
1408,166.8,68.0,847,1010
1409,172.20000000000002,69.5,842,1074
1410,167.4,86.80000000000001,1077,1113
1411,166.3,65.3,770,1003
1412,154.3,80.4,856,1164
1413,156.10000000000002,67.3,763,1042
1414,158.70000000000002,51.6,682,885
1415,149.5,52.6,841,878
1416,164.5,91.4,1106,1178
1417,165.3,91.9,1045,1194
1418,168.5,75.7,993,1053
1419,156.9,71.7,1017,1080
1420,165.60000000000002,73.8,851,1032
1421,167.20000000000002,76.9,860,1102
1422,162.20000000000002,69.2,785,1015
1423,166.4,60.900000000000006,765,951
1424,163.60000000000002,59.6,737,954
1425,166.60000000000002,74.0,953,1029
1426,155.8,80.4,973,1134
1427,167.4,93.4,958,1135
1428,153.4,56.800000000000004,812,1028
1429,163.0,62.6,923,1071
1430,167.10000000000002,73.8,878,1070
1431,178.9,80.80000000000001,816,1102
1432,155.3,62.400000000000006,831,1032
1433,167.3,77.5,903,1159
1434,159.8,63.1,824,1043
1435,179.8,87.5,972,1070
1436,164.10000000000002,65.0,800,960
1437,171.8,65.0,772,965
1438,156.8,63.800000000000004,925,990
1439,165.20000000000002,64.2,840,991
1440,167.60000000000002,69.8,829,1037
1441,159.5,83.10000000000001,968,1107
1442,169.70000000000002,96.2,1095,1266
1443,170.3,93.0,1050,1181
1444,156.70000000000002,48.900000000000006,696,882
1445,155.4,53.6,760,926
1446,164.5,62.900000000000006,736,987
1447,162.5,51.0,651,874
1448,156.0,65.4,837,1035
1449,150.1,58.800000000000004,798,1003
1450,161.70000000000002,65.0,880,990
1451,166.0,67.9,790,1010
1452,163.5,71.9,1045,1042
1453,162.10000000000002,92.0,1033,1174
1454,159.60000000000002,61.800000000000004,757,996
1455,164.9,71.2,885,1077
1456,159.0,64.3,893,1050
1457,163.0,79.30000000000001,968,1112
1458,150.5,57.5,930,1005
1459,159.0,68.60000000000001,837,1051
1460,161.3,68.8,840,1019
1461,162.0,77.80000000000001,900,1064
1462,168.70000000000002,76.5,955,1097
1463,161.3,59.0,796,964
1464,164.8,62.6,833,975
1465,182.0,90.80000000000001,891,1147
1466,161.3,50.0,656,866
1467,171.9,68.8,808,1008
1468,154.3,56.7,803,995
1469,167.4,62.2,807,979
1470,166.20000000000002,70.7,865,993
1471,161.20000000000002,68.5,876,1024
1472,160.5,57.1,723,936
1473,156.0,84.60000000000001,1056,1181
1474,166.4,61.800000000000004,711,1001
1475,166.20000000000002,67.2,780,977
1476,162.0,69.2,778,1055
1477,156.70000000000002,46.900000000000006,637,880
1478,168.9,67.4,790,994
1479,157.60000000000002,52.900000000000006,718,905
1480,159.60000000000002,64.4,840,981
1481,168.4,81.9,1026,1083
1482,170.20000000000002,68.3,817,1014
1483,174.5,58.2,689,932
1484,159.9,53.2,764,949
1485,162.8,70.3,858,1038
1486,165.10000000000002,80.7,855,1150
1487,159.20000000000002,56.900000000000006,825,970
1488,158.70000000000002,50.400000000000006,787,912
1489,162.8,74.3,941,1035
1490,162.70000000000002,64.8,840,1026
1491,161.70000000000002,65.2,846,960
1492,158.20000000000002,54.800000000000004,790,957
1493,153.70000000000002,56.1,776,936
1494,162.9,66.3,823,996
1495,164.0,57.7,725,971
1496,167.5,79.0,908,1150
1497,159.20000000000002,67.10000000000001,908,1019
1498,163.3,69.10000000000001,942,980
1499,173.3,77.30000000000001,863,1126
1500,161.0,62.2,733,945
1501,156.60000000000002,62.0,852,964
1502,163.9,69.10000000000001,898,987
1503,158.0,62.6,879,1056
1504,155.70000000000002,58.7,751,940
1505,168.3,69.4,864,1030
1506,159.70000000000002,64.7,779,1034
1507,159.8,62.1,884,999
1508,161.3,69.8,940,1077
1509,164.9,65.60000000000001,769,1013
1510,167.20000000000002,60.2,757,986
1511,171.3,74.3,784,1084
1512,164.10000000000002,74.4,991,1069
1513,161.20000000000002,63.300000000000004,788,989
1514,159.60000000000002,62.1,807,970
1515,144.20000000000002,46.7,720,901
1516,155.5,63.900000000000006,849,1001
1517,149.70000000000002,57.900000000000006,858,1011
1518,161.20000000000002,70.8,889,1058
1519,169.0,69.8,757,1033
1520,163.4,65.4,828,1054
1521,150.9,54.2,820,915
1522,158.20000000000002,59.300000000000004,739,1047
1523,146.5,49.7,789,902
1524,154.5,52.6,733,894
1525,147.5,48.0,740,903
1526,163.3,55.7,808,926
1527,163.10000000000002,72.4,967,1090
1528,162.60000000000002,66.10000000000001,909,1033
1529,153.3,79.4,962,1115
1530,155.3,57.2,834,963
1531,175.20000000000002,78.5,948,1058
1532,161.8,67.60000000000001,848,1027
1533,163.4,53.0,721,902
1534,168.9,77.7,865,1116
1535,153.4,52.400000000000006,793,973
1536,162.9,60.1,731,968
1537,162.8,55.900000000000006,750,899
1538,160.3,53.0,744,928
1539,154.70000000000002,57.800000000000004,780,997
1540,158.5,64.4,860,1045
1541,163.8,69.3,900,1071
1542,175.4,84.9,955,1143
1543,162.3,60.7,753,954
1544,161.4,62.300000000000004,825,971
1545,167.60000000000002,60.1,774,945
1546,156.0,51.6,679,877
1547,163.70000000000002,50.5,716,930
1548,154.20000000000002,53.2,699,957
1549,153.60000000000002,56.6,814,978
1550,161.3,73.2,853,1030
1551,159.5,57.6,783,939
1552,165.9,80.7,860,1178
1553,156.4,62.2,750,1037
1554,168.60000000000002,72.60000000000001,960,1039
1555,167.8,71.10000000000001,873,1037
1556,157.3,57.2,923,937
1557,158.9,62.300000000000004,791,980
1558,162.10000000000002,60.2,771,970
1559,167.9,80.5,983,1098
1560,159.8,56.1,787,942
1561,171.3,52.0,657,923
1562,155.0,57.800000000000004,781,955
1563,158.3,58.0,740,971
1564,154.0,61.2,819,1057
1565,154.10000000000002,58.5,805,963
1566,162.20000000000002,87.5,1010,1181
1567,179.3,77.30000000000001,905,1054
1568,171.3,75.5,920,1061
1569,160.3,67.8,924,1032
1570,171.10000000000002,88.80000000000001,1003,1117
1571,164.10000000000002,66.5,780,980
1572,149.4,58.0,1003,1015
1573,167.20000000000002,66.5,863,985
1574,161.60000000000002,64.9,856,1030
1575,158.5,67.3,902,1022
1576,161.20000000000002,74.4,1010,1075
1577,166.3,57.6,759,982
1578,165.60000000000002,73.5,893,1093
1579,159.8,63.6,844,1039
1580,154.5,43.2,665,851
1581,163.4,74.7,930,1083
1582,170.4,66.9,807,991
1583,166.4,82.60000000000001,957,1111
1584,152.20000000000002,57.800000000000004,868,1015
1585,164.60000000000002,63.7,782,1013
1586,155.70000000000002,75.8,966,1060
1587,162.5,59.400000000000006,778,1024
1588,167.10000000000002,87.2,980,1120
1589,153.5,69.3,850,1083
1590,159.10000000000002,50.0,670,886
1591,156.70000000000002,56.7,745,961
1592,154.0,58.900000000000006,826,1026
1593,157.3,64.0,860,972
1594,163.70000000000002,68.3,797,1029
1595,160.4,56.6,706,943
1596,174.0,63.2,730,945
1597,156.3,59.1,743,939
1598,177.3,76.0,805,1081
1599,167.20000000000002,66.4,912,1002
1600,156.4,65.8,853,1044
1601,160.0,71.0,847,1081
1602,158.60000000000002,55.1,726,947
1603,156.60000000000002,59.300000000000004,795,984
1604,168.3,66.10000000000001,837,971
1605,161.3,65.8,816,1057
1606,157.20000000000002,63.400000000000006,814,1023
1607,158.4,48.0,693,871
1608,170.60000000000002,66.0,798,1005
1609,162.0,60.1,807,978
1610,164.0,54.6,778,943
1611,171.10000000000002,116.60000000000001,1305,1261
1612,164.10000000000002,79.30000000000001,919,1080
1613,156.70000000000002,45.400000000000006,611,853
1614,162.9,49.900000000000006,698,867
1615,147.9,35.800000000000004,615,798
1616,166.3,70.0,859,1037
1617,174.9,77.0,887,1089
1618,159.20000000000002,64.9,911,998
1619,159.10000000000002,55.0,733,932
1620,171.0,87.5,979,1095
1621,168.4,76.80000000000001,968,1057
1622,162.5,76.3,941,1090
1623,166.60000000000002,65.0,732,985
1624,157.60000000000002,55.5,760,933
1625,168.5,75.5,905,1082
1626,162.9,54.800000000000004,715,964
1627,163.70000000000002,70.5,878,1051
1628,159.70000000000002,54.800000000000004,788,942
1629,167.60000000000002,76.3,903,1063
1630,167.20000000000002,78.4,870,1036
1631,170.70000000000002,69.8,848,1065
1632,164.9,65.0,825,1027
1633,161.5,79.4,955,1181
1634,162.9,89.7,1105,1130
1635,161.5,52.5,785,928
1636,153.70000000000002,77.2,972,1134
1637,166.3,65.7,793,989
1638,158.20000000000002,53.7,798,942
1639,149.9,66.7,955,1067
1640,177.10000000000002,83.30000000000001,920,1112
1641,154.5,59.900000000000006,855,961
1642,160.3,64.9,914,994
1643,158.0,78.80000000000001,938,1105
1644,160.8,75.2,960,1016
1645,156.10000000000002,64.3,900,1000
1646,164.20000000000002,61.300000000000004,780,965
1647,160.0,84.7,935,1165
1648,159.10000000000002,68.7,890,1077
1649,169.70000000000002,69.7,821,988
1650,169.10000000000002,60.2,793,965
1651,156.3,63.1,775,1068
1652,159.8,95.2,1034,1210
1653,163.10000000000002,51.300000000000004,664,914
1654,164.8,69.4,907,1050
1655,149.6,50.900000000000006,768,900
1656,152.20000000000002,52.0,672,915
1657,176.9,88.9,965,1115
1658,176.10000000000002,78.5,784,1069
1659,161.8,67.8,903,1072
1660,161.20000000000002,64.4,841,1007
1661,165.3,65.7,870,999
1662,159.8,66.10000000000001,852,1063
1663,177.0,92.5,993,1145
1664,156.60000000000002,61.1,866,981
1665,166.8,61.1,757,975
1666,161.4,79.7,907,1143
1667,167.3,68.2,853,967
1668,158.8,48.900000000000006,779,875
1669,153.4,66.9,926,992
1670,149.0,61.7,825,1023
1671,161.10000000000002,70.60000000000001,938,1056
1672,159.9,61.1,755,949
1673,164.5,66.2,867,996
1674,157.10000000000002,53.2,784,925
1675,165.70000000000002,61.6,753,958
1676,164.10000000000002,73.7,914,1094
1677,171.0,65.7,826,1039
1678,167.4,67.10000000000001,875,1040
1679,156.10000000000002,83.10000000000001,1095,1129
1680,166.4,86.60000000000001,1076,1179
1681,174.3,105.4,1087,1275
1682,168.10000000000002,92.0,1011,1170
1683,149.8,61.7,931,1032
1684,159.5,77.2,888,1105
1685,177.10000000000002,77.7,971,1083
1686,158.5,80.2,1015,1105
1687,181.9,95.30000000000001,995,1223
1688,168.3,87.0,1067,1185
1689,168.60000000000002,73.0,853,1066
1690,170.3,87.7,937,1142
1691,170.70000000000002,82.30000000000001,967,1122
1692,167.8,83.10000000000001,1112,1078
1693,164.60000000000002,59.900000000000006,700,961
1694,167.60000000000002,72.5,907,1074
1695,170.3,63.0,810,1006
1696,160.9,62.300000000000004,900,1025
1697,163.60000000000002,82.10000000000001,935,1132
1698,162.5,62.400000000000006,858,982
1699,161.5,56.7,790,998
1700,160.3,67.5,960,1049
1701,164.10000000000002,62.300000000000004,778,993
1702,169.70000000000002,64.4,791,956
1703,157.10000000000002,62.6,838,1005
1704,154.8,71.3,845,1097
1705,163.3,63.0,799,992
1706,166.70000000000002,82.0,922,1102
1707,158.4,76.2,956,1069
1708,164.20000000000002,69.7,843,1068
1709,173.60000000000002,91.0,1064,1206
1710,167.10000000000002,80.10000000000001,957,1143
1711,159.5,68.3,820,1060
1712,171.60000000000002,76.9,875,1071
1713,157.4,60.1,768,971
1714,161.0,82.10000000000001,1073,1134
1715,164.3,84.2,913,1160
1716,169.70000000000002,79.10000000000001,959,1083
1717,150.1,57.5,840,980
1718,163.20000000000002,56.800000000000004,787,935
1719,165.4,72.0,893,1036
1720,157.10000000000002,52.1,706,951
1721,159.60000000000002,68.9,850,993
1722,158.9,65.2,796,1016
1723,165.0,82.7,1010,1100
1724,161.10000000000002,66.2,910,1008
1725,163.20000000000002,71.5,1013,1090
1726,172.9,97.30000000000001,1046,1194
1727,153.3,45.0,650,850
1728,161.10000000000002,50.400000000000006,720,884
1729,165.0,57.7,747,948
1730,147.3,56.2,867,949
1731,170.0,72.8,810,1016
1732,169.20000000000002,72.2,807,1091
1733,161.10000000000002,56.0,738,947
1734,173.4,82.4,920,1106
1735,169.20000000000002,82.5,918,1096
1736,164.70000000000002,99.5,1093,1257
1737,159.9,98.80000000000001,1140,1210
1738,161.4,81.5,1017,1074
1739,154.9,72.3,945,1140
1740,163.4,73.60000000000001,868,1085
1741,176.0,69.8,805,1022
1742,168.3,76.60000000000001,944,1048
1743,161.8,65.10000000000001,814,1066
1744,156.5,51.800000000000004,735,917
1745,159.20000000000002,54.900000000000006,814,931
1746,163.60000000000002,57.6,787,945
1747,153.8,58.300000000000004,808,956
1748,164.8,67.0,822,1036
1749,164.5,63.1,801,1014
1750,162.3,62.7,842,985
1751,161.10000000000002,67.60000000000001,844,1015
1752,160.20000000000002,53.400000000000006,747,958
1753,167.0,74.8,873,1119
1754,164.3,64.4,757,964
1755,162.8,67.7,854,1002
1756,157.5,62.0,778,998
1757,161.3,53.6,713,954
1758,159.8,59.900000000000006,771,1008
1759,161.0,64.4,857,988
1760,159.70000000000002,53.6,739,955
1761,159.0,88.2,972,1153
1762,168.8,64.60000000000001,840,989
1763,150.20000000000002,66.2,878,999
1764,159.3,69.8,788,1072
1765,160.70000000000002,67.7,895,1056
1766,162.5,58.6,740,935
1767,152.5,52.6,767,907
1768,156.3,56.400000000000006,797,939
1769,173.4,76.5,840,1126
1770,173.4,87.10000000000001,947,1093
1771,172.8,68.2,812,1008
1772,166.10000000000002,62.900000000000006,856,1021
1773,170.3,56.800000000000004,733,969
1774,170.20000000000002,68.0,857,1020
1775,177.20000000000002,66.9,782,990
1776,162.60000000000002,71.2,918,1085
1777,166.10000000000002,78.10000000000001,875,1110
1778,154.9,67.5,835,1021
1779,163.4,66.3,795,1019
1780,166.10000000000002,79.30000000000001,967,1077
1781,156.4,60.400000000000006,902,962
1782,166.4,73.2,902,1059
1783,155.3,71.2,986,1043
1784,170.0,72.2,840,1085
1785,154.20000000000002,61.0,827,988
1786,174.3,81.7,975,1128
1787,162.3,79.9,905,1106
1788,159.0,60.2,770,1007
1789,160.4,58.400000000000006,737,973
1790,162.70000000000002,60.1,752,981
1791,171.8,83.4,918,1092
1792,170.5,97.30000000000001,957,1179
1793,156.10000000000002,55.7,686,929
1794,166.10000000000002,55.300000000000004,782,897
1795,162.0,52.6,700,870
1796,166.0,61.400000000000006,690,983
1797,169.70000000000002,89.4,1034,1140
1798,169.9,89.30000000000001,990,1144
1799,174.0,70.2,800,1061
1800,170.10000000000002,73.8,879,1058
1801,170.70000000000002,60.1,727,926
1802,156.0,78.2,991,1148
1803,148.3,44.2,647,871
1804,158.70000000000002,47.6,678,874
1805,157.9,64.2,846,1033
1806,165.9,73.7,850,1055
1807,168.4,77.60000000000001,851,1132
1808,159.3,62.0,770,1019
1809,158.9,64.60000000000001,843,986
1810,168.3,69.7,856,1035
1811,170.4,72.4,795,1050
1812,173.60000000000002,69.7,883,975
1813,163.3,62.0,768,986
1814,172.4,88.4,857,1169
1815,148.70000000000002,71.2,982,1104
1816,156.0,68.4,915,960
1817,156.10000000000002,62.300000000000004,920,1000
1818,161.8,61.400000000000006,816,1010
1819,160.4,55.1,667,943
1820,165.8,112.10000000000001,1198,1341
1821,165.8,74.9,882,1105
1822,159.10000000000002,70.9,870,1081
1823,163.8,58.800000000000004,780,969
1824,175.10000000000002,87.60000000000001,1016,1152
1825,158.70000000000002,59.7,753,998
1826,154.0,68.0,937,1019
1827,157.60000000000002,70.7,946,1073
1828,173.70000000000002,68.60000000000001,745,1034
1829,157.3,62.400000000000006,826,999
1830,162.20000000000002,61.0,805,953
1831,158.8,58.2,773,963
1832,154.8,48.900000000000006,624,863
1833,166.20000000000002,69.60000000000001,865,1029
1834,171.8,79.5,895,1076
1835,151.9,60.0,805,1042
1836,157.3,64.0,826,986
1837,156.60000000000002,71.2,883,1085
1838,152.9,47.5,696,871
1839,158.5,73.5,820,1101
1840,161.10000000000002,54.6,730,869
1841,161.0,56.2,770,940
1842,154.10000000000002,58.2,830,966
1843,176.60000000000002,81.2,870,1094
1844,162.60000000000002,51.800000000000004,738,900
1845,164.4,52.300000000000004,706,896
1846,167.9,75.60000000000001,865,1023
1847,174.3,67.4,812,1045
1848,165.8,55.2,670,942
1849,161.0,69.0,900,1015
1850,167.5,63.6,840,1001
1851,163.70000000000002,64.10000000000001,784,1037
1852,162.8,70.10000000000001,933,1062
1853,164.5,79.30000000000001,978,1096
1854,159.5,66.0,883,1041
1855,173.10000000000002,93.10000000000001,1032,1170
1856,156.70000000000002,66.10000000000001,912,1032
1857,162.8,51.0,672,925
1858,168.8,68.60000000000001,877,1030
1859,170.60000000000002,83.9,932,1160
1860,154.3,65.2,840,1028
1861,166.5,92.0,1032,1178
1862,169.0,66.7,783,1035
1863,147.1,46.400000000000006,668,875
1864,161.60000000000002,62.7,882,1008
1865,175.3,59.300000000000004,727,926
1866,162.60000000000002,50.800000000000004,698,919
1867,169.8,72.7,866,1042
1868,154.5,58.300000000000004,777,932
1869,175.9,66.9,785,1023
1870,173.20000000000002,84.2,1055,1132
1871,158.70000000000002,60.1,830,978
1872,160.5,60.900000000000006,773,993
1873,153.0,68.7,872,1032
1874,159.8,54.900000000000006,715,958
1875,152.4,45.2,674,895
1876,168.3,83.5,1066,1095
1877,157.70000000000002,64.10000000000001,822,956
1878,158.3,58.800000000000004,749,991
1879,158.20000000000002,56.300000000000004,750,938
1880,156.9,70.2,895,1011
1881,165.10000000000002,77.9,876,1071
1882,146.3,62.6,902,938
1883,165.9,99.2,1113,1200
1884,159.60000000000002,62.6,784,1019
1885,160.0,71.3,903,1059
1886,155.70000000000002,52.800000000000004,715,970
1887,156.5,55.2,783,925
1888,152.5,62.2,827,947
1889,161.3,61.2,860,965
1890,167.4,52.900000000000006,727,915
1891,161.4,74.8,923,1155
1892,155.8,58.2,815,993
1893,177.4,79.0,907,1076
1894,163.3,61.800000000000004,785,1006
1895,161.10000000000002,71.60000000000001,1004,1026
1896,176.8,69.2,858,995
1897,157.8,63.5,850,1022
1898,161.9,70.4,901,1128
1899,168.10000000000002,66.8,890,999
1900,161.3,53.5,728,938
1901,157.5,61.5,808,962
1902,164.8,75.10000000000001,918,1146
1903,159.0,54.6,690,909
1904,160.9,69.5,905,1053
1905,162.5,77.30000000000001,919,1115
1906,167.60000000000002,75.10000000000001,960,1078
1907,162.3,70.0,945,1058
1908,161.20000000000002,50.2,735,882
1909,172.0,71.7,866,1060
1910,156.70000000000002,64.4,935,1060
1911,177.0,107.2,1076,1168
1912,166.8,94.0,1176,1161
1913,158.8,76.4,886,1108
1914,161.60000000000002,89.7,1135,1157
1915,159.3,77.7,974,1049
1916,157.20000000000002,49.7,721,896
1917,167.4,66.2,837,971
1918,165.20000000000002,69.60000000000001,851,1018
1919,166.4,84.4,996,1126
1920,169.10000000000002,64.7,852,982
1921,165.70000000000002,78.0,935,1044
1922,170.4,77.30000000000001,927,1104
1923,165.4,73.4,921,1092
1924,157.8,69.5,937,1098
1925,164.5,70.7,872,1026
1926,163.10000000000002,93.60000000000001,1025,1208
1927,156.10000000000002,85.7,1106,1171
1928,151.6,57.300000000000004,767,987
1929,174.9,67.60000000000001,823,1031
1930,171.5,85.5,933,1140
1931,160.0,54.900000000000006,735,948
1932,168.3,58.800000000000004,772,946
1933,155.70000000000002,71.5,987,1075
1934,154.8,58.0,837,960
1935,171.4,69.7,873,1032
1936,164.9,68.5,803,1010
1937,152.8,58.6,804,1021
1938,159.60000000000002,84.2,1055,1181
1939,165.8,90.9,901,1241
1940,170.10000000000002,104.7,1172,1314
1941,168.3,66.3,791,1000
1942,163.4,76.60000000000001,962,999
1943,169.5,71.5,745,1034
1944,154.8,59.1,801,984
1945,158.70000000000002,66.5,955,1016
1946,154.9,67.60000000000001,1032,1045
1947,160.60000000000002,79.2,1042,1142
1948,150.8,65.2,966,1049
1949,173.3,75.3,844,1110
1950,156.0,51.7,752,918
1951,173.9,86.5,954,1164
1952,162.9,73.2,857,1058
1953,160.9,74.10000000000001,840,1106
1954,174.0,90.60000000000001,1090,1140
1955,167.8,84.5,960,1157
1956,154.5,63.1,830,977
1957,180.9,89.80000000000001,1003,1115
1958,176.4,97.0,977,1164
1959,160.60000000000002,66.3,855,1038
1960,156.70000000000002,59.400000000000006,863,963
1961,159.4,65.7,917,887
1962,158.70000000000002,78.60000000000001,919,1070
1963,157.3,52.0,695,952
1964,162.4,64.10000000000001,792,1027
1965,163.5,79.80000000000001,1014,1126
1966,158.0,74.0,906,1112
1967,169.10000000000002,64.10000000000001,795,992
1968,165.60000000000002,80.30000000000001,1012,1132
1969,161.5,71.4,965,1081
1970,174.9,92.4,869,1191
1971,156.10000000000002,66.8,903,991
1972,167.4,67.8,817,1046
1973,172.10000000000002,57.7,681,906
1974,170.4,68.7,915,1025
1975,163.60000000000002,75.8,870,1102
1976,158.3,65.2,941,966
1977,160.4,69.9,847,1055
1978,153.3,47.400000000000006,755,878
1979,159.4,55.800000000000004,742,991
1980,171.9,76.80000000000001,960,1110
1981,168.70000000000002,83.2,1043,1089
1982,161.3,71.7,971,1016
1983,164.4,76.2,982,1063
1984,161.60000000000002,63.2,837,1051
1985,164.10000000000002,61.0,891,974
